{"Mean":{"confidence_interval":{"confidence_level":0.95,"lower_bound":337.7257112198364,"upper_bound":341.6986950707859},"point_estimate":339.6446963838628,"standard_error":1.013502140821198},"Median":{"confidence_interval":{"confidence_level":0.95,"lower_bound":336.91914392541514,"upper_bound":339.90598478022287},"point_estimate":337.9233265115743,"standard_error":0.6703366072710517},"MedianAbsDev":{"confidence_interval":{"confidence_level":0.95,"lower_bound":5.2257662866725685,"upper_bound":8.198029499255338},"point_estimate":6.496554158151392,"standard_error":0.7179847614042819},"Slope":{"confidence_interval":{"confidence_level":0.95,"lower_bound":339.22971615022857,"upper_bound":343.72593192311047},"point_estimate":341.35659071189343,"standard_error":1.1469991138980242},"StdDev":{"confidence_interval":{"confidence_level":0.95,"lower_bound":7.567116130888874,"upper_bound":12.531603770018569},"point_estimate":10.155225723553281,"standard_error":1.2746197211230852}}