{"Mean":{"confidence_interval":{"confidence_level":0.95,"lower_bound":0.20974046415483455,"upper_bound":0.24116179267807336},"point_estimate":0.2256507139033721,"standard_error":0.00799676837208117},"Median":{"confidence_interval":{"confidence_level":0.95,"lower_bound":0.22361801045613117,"upper_bound":0.2525834744393656},"point_estimate":0.23846246933544757,"standard_error":0.007510704234056052}}