{"Mean":{"confidence_interval":{"confidence_level":0.95,"lower_bound":91.94125056162879,"upper_bound":93.28800689203086},"point_estimate":92.60561239915954,"standard_error":0.34180882595528844},"Median":{"confidence_interval":{"confidence_level":0.95,"lower_bound":91.45244331935568,"upper_bound":93.4541473135564},"point_estimate":92.32839370018264,"standard_error":0.5074238939950093},"MedianAbsDev":{"confidence_interval":{"confidence_level":0.95,"lower_bound":2.8466272736153204,"upper_bound":4.470559613911891},"point_estimate":3.7285543434991113,"standard_error":0.40612281545297796},"Slope":{"confidence_interval":{"confidence_level":0.95,"lower_bound":92.05126981548344,"upper_bound":93.41804345680283},"point_estimate":92.71915293234528,"standard_error":0.34776162595334403},"StdDev":{"confidence_interval":{"confidence_level":0.95,"lower_bound":2.958069213561913,"upper_bound":3.8822188829726576},"point_estimate":3.4326313097460237,"standard_error":0.23610758123030826}}