{"Mean":{"confidence_interval":{"confidence_level":0.95,"lower_bound":134.7802323838915,"upper_bound":136.3032026902905},"point_estimate":135.51877314012847,"standard_error":0.38872580847719707},"Median":{"confidence_interval":{"confidence_level":0.95,"lower_bound":134.36144116696673,"upper_bound":135.73926194797338},"point_estimate":135.15401916081547,"standard_error":0.4111858147710024},"MedianAbsDev":{"confidence_interval":{"confidence_level":0.95,"lower_bound":2.488841319789416,"upper_bound":4.3275089119141565},"point_estimate":3.303086697717512,"standard_error":0.46471063314974576},"Slope":{"confidence_interval":{"confidence_level":0.95,"lower_bound":134.74868770797394,"upper_bound":136.2107809203512},"point_estimate":135.47316266467192,"standard_error":0.3737252571271741},"StdDev":{"confidence_interval":{"confidence_level":0.95,"lower_bound":3.114216368438795,"upper_bound":4.631520473701381},"point_estimate":3.9072992329232386,"standard_error":0.38920143953116554}}