{"Mean":{"confidence_interval":{"confidence_level":0.95,"lower_bound":261.91332806794884,"upper_bound":264.8896744303973},"point_estimate":263.3725384709877,"standard_error":0.7592969016307136},"Median":{"confidence_interval":{"confidence_level":0.95,"lower_bound":261.0924260591527,"upper_bound":264.7575681676881},"point_estimate":263.0217761204283,"standard_error":0.9198369085034568},"MedianAbsDev":{"confidence_interval":{"confidence_level":0.95,"lower_bound":5.451036121154033,"upper_bound":8.206429693482432},"point_estimate":7.179543703472861,"standard_error":0.7248322231600199},"Slope":{"confidence_interval":{"confidence_level":0.95,"lower_bound":262.2647865356102,"upper_bound":265.1070900998295},"point_estimate":263.70094710025785,"standard_error":0.7268403592904997},"StdDev":{"confidence_interval":{"confidence_level":0.95,"lower_bound":6.224698038737754,"upper_bound":8.943803195099887},"point_estimate":7.638006597506144,"standard_error":0.69595978573365}}