{"Mean":{"confidence_interval":{"confidence_level":0.95,"lower_bound":334.9154298330717,"upper_bound":342.93610600521055},"point_estimate":338.7590334056078,"standard_error":2.0447789072427},"Median":{"confidence_interval":{"confidence_level":0.95,"lower_bound":328.6538965790597,"upper_bound":337.771729390681},"point_estimate":333.3573891631697,"standard_error":2.1926170464334414},"MedianAbsDev":{"confidence_interval":{"confidence_level":0.95,"lower_bound":9.86618065284026,"upper_bound":17.414564913862858},"point_estimate":13.680848133297763,"standard_error":1.844055230964707},"Slope":{"confidence_interval":{"confidence_level":0.95,"lower_bound":331.0702295425172,"upper_bound":337.2800876306974},"point_estimate":333.9831870282128,"standard_error":1.5816618289184226},"StdDev":{"confidence_interval":{"confidence_level":0.95,"lower_bound":15.541636500737756,"upper_bound":24.955200103750187},"point_estimate":20.598214620565425,"standard_error":2.409844680150862}}