{"Mean":{"confidence_interval":{"confidence_level":0.95,"lower_bound":-0.010778876987390123,"upper_bound":0.016393802897447615},"point_estimate":0.002952514283131036,"standard_error":0.006946857086634158},"Median":{"confidence_interval":{"confidence_level":0.95,"lower_bound":-0.009340965625421416,"upper_bound":0.023206978690219638},"point_estimate":0.012442753375150994,"standard_error":0.008482211439881168}}