{"Mean":{"confidence_interval":{"confidence_level":0.95,"lower_bound":-0.00458221485217253,"upper_bound":0.010946175333983472},"point_estimate":0.00305850037869404,"standard_error":0.003943119483888958},"Median":{"confidence_interval":{"confidence_level":0.95,"lower_bound":-0.004801569074309064,"upper_bound":0.012246387145675941},"point_estimate":0.004588550462604202,"standard_error":0.004523370917443537}}