{"Mean":{"confidence_interval":{"confidence_level":0.95,"lower_bound":258.1175407813163,"upper_bound":263.13907966923756},"point_estimate":260.54647164435306,"standard_error":1.2803551495025043},"Median":{"confidence_interval":{"confidence_level":0.95,"lower_bound":255.8567483400905,"upper_bound":261.2959622635242},"point_estimate":259.05782702290185,"standard_error":1.429396011748129},"MedianAbsDev":{"confidence_interval":{"confidence_level":0.95,"lower_bound":8.975000485084243,"upper_bound":15.468354693876073},"point_estimate":12.78877069479916,"standard_error":1.6955585174196115},"Slope":{"confidence_interval":{"confidence_level":0.95,"lower_bound":258.2930199656799,"upper_bound":263.2479537350288},"point_estimate":260.75074411450373,"standard_error":1.2638169059689717},"StdDev":{"confidence_interval":{"confidence_level":0.95,"lower_bound":10.315273904172377,"upper_bound":15.671059444327028},"point_estimate":12.895383173733244,"standard_error":1.3928323336592539}}