{"Mean":{"confidence_interval":{"confidence_level":0.95,"lower_bound":-0.01601528428999885,"upper_bound":0.015337467161418325},"point_estimate":-0.0007241883403201754,"standard_error":0.008034699862532593},"Median":{"confidence_interval":{"confidence_level":0.95,"lower_bound":-0.020545891988404064,"upper_bound":0.011550488242203377},"point_estimate":-0.0029712585177347206,"standard_error":0.008046892823232005}}