{"Mean":{"confidence_interval":{"confidence_level":0.95,"lower_bound":-0.0017021399416952438,"upper_bound":0.019801308066233078},"point_estimate":0.008962774183009614,"standard_error":0.0054964487805495826},"Median":{"confidence_interval":{"confidence_level":0.95,"lower_bound":0.0008463906761959628,"upper_bound":0.03303123945652158},"point_estimate":0.016148904878265258,"standard_error":0.008312640811223375}}